{
  "eye": {
    "orientation": [
      0.5,
      0.5,
      -0.5,
      -0.5
    ],
    "magnitude": 0.5773502588272095,
    "position": [
      -3000,
      1353.164794921875,
      0
    ]
  },
  "radius": 1500,
  "type": "PERSPECTIVE"
}