{
  "eye": {
    "orientation": [
      -0.14044439792633057,
      0.3005285859107971,
      -0.6482973694801331,
      -0.6853236556053162
    ],
    "magnitude": 0.5773502588272095,
    "position": [
      -1163.866455078125,
      -1667.02197265625,
      3063.683837890625
    ]
  },
  "radius": 1500,
  "type": "PERSPECTIVE"
}