{
  "eye": {
    "orientation": [
      0.5,
      0.5,
      -0.5,
      -0.5
    ],
    "magnitude": 0.5773502588272095,
    "position": [
      -3000,
      4099.9521484375,
      -124.6962890625
    ]
  },
  "radius": 1500,
  "type": "PERSPECTIVE"
}