{
  "eye": {
    "orientation": [
      -0.2651205062866211,
      -0.48457440733909607,
      0.622387170791626,
      0.5545567274093628
    ],
    "magnitude": 1,
    "position": [
      1275.663818359375,
      458.15435791015625,
      300.14434814453125
    ]
  },
  "radius": 793.2212524414062,
  "type": "PERSPECTIVE"
}