{
  "eye": {
    "orientation": [
      0.035002101212739944,
      -0.12289134413003922,
      -0.001059290487319231,
      0.9918021559715271
    ],
    "magnitude": 0.5773502588272095,
    "position": [
      252.72332763671875,
      250.2745819091797,
      1834.5286865234375
    ]
  },
  "radius": 793.2212524414062,
  "type": "PERSPECTIVE"
}