{
  "eye": {
    "orientation": [
      0.05747899040579796,
      0.013708031736314297,
      -0.007951049134135246,
      0.9982209801673889
    ],
    "magnitude": 0.2585620880126953,
    "position": [
      679.6714477539062,
      177.7924041748047,
      1875.44189453125
    ]
  },
  "radius": 793.2212524414062,
  "type": "PERSPECTIVE"
}